PCD.old,PCD
AB1,AB10
AB10,AB10
AB11,AB11
AB12,AB12
AB13,AB13
AB14,AB14
AB15,AB15
AB16,AB16
AB2,AB24
AB21,AB21
AB22,AB22
AB23,AB23
AB24,AB24
AB25,AB25
AB3,AB31
AB30,AB30
AB31,AB31
AB32,AB32
AB33,AB33
AB34,AB34
AB35,AB35
AB36,AB36
AB37,AB37
AB38,AB38
AB39,AB39
AB4,AB42
AB41,AB41
AB42,AB42
AB43,AB43
AB44,AB44
AB45,AB45
AB5,AB51
AB51,AB51
AB52,AB52
AB53,AB53
AB54,AB54
AB55,AB55
AB56,AB56
AB9,AB10
AL1,AL1
AL10,AL10
AL2,AL2
AL3,AL3
AL4,AL4
AL5,AL5
AL6,AL6
AL7,AL7
AL8,AL8
AL9,AL9
B1,B1
B10,B10
B11,B11
B12,B12
B13,B13
B14,B14
B15,B15
B16,B16
B17,B17
B18,B18
B19,B19
B2,B2
B20,B20
B21,B21
B22,B30
B23,B23
B24,B24
B25,B25
B26,B26
B27,B27
B28,B28
B29,B29
B3,B3
B30,B30
B31,B31
B32,B32
B33,B33
B34,B34
B35,B35
B36,B36
B37,B37
B38,B38
B4,B4
B40,B40
B42,B42
B43,B43
B44,B44
B45,B45
B46,B46
B47,B47
B48,B48
B49,B49
B5,B5
B50,B50
B6,B6
B60,B60
B61,B61
B62,B62
B63,B63
B64,B64
B65,B65
B66,B66
B67,B67
B68,B68
B69,B69
B7,B7
B70,B70
B71,B71
B72,B72
B73,B73
B74,B74
B75,B75
B76,B76
B77,B77
B78,B78
B79,B79
B8,B8
B80,B80
B9,B9
B90,B90
B91,B91
B92,B92
B93,B93
B94,B94
B95,B95
B96,B96
B97,B97
B98,B98
B99,B3
BA1,BA1
BA10,BA10
BA11,BA11
BA12,BA12
BA13,BA13
BA14,BA14
BA15,BA15
BA16,BA16
BA2,BA2
BA20,BA20
BA21,BA21
BA22,BA22
BA3,BA3
BA4,BA4
BA5,BA5
BA6,BA6
BA7,BA7
BA8,BA8
BA9,BA9
BB0,BB1
BB1,BB1
BB10,BB10
BB11,BB11
BB12,BB12
BB18,BB18
BB2,BB2
BB3,BB3
BB4,BB4
BB5,BB5
BB6,BB6
BB7,BB7
BB8,BB8
BB9,BB9
BB94,BB18
BD1,BD1
BD10,BD10
BD11,BD11
BD12,BD12
BD13,BD13
BD14,BD14
BD15,BD15
BD16,BD16
BD17,BD17
BD18,BD18
BD19,BD19
BD2,BD2
BD20,BD20
BD21,BD21
BD22,BD22
BD23,BD23
BD24,BD24
BD3,BD3
BD4,BD4
BD5,BD5
BD6,BD6
BD7,BD7
BD8,BD8
BD9,BD9
BD98,BD17
BD99,BD1
BH1,BH1
BH10,BH10
BH11,BH11
BH12,BH12
BH13,BH13
BH14,BH14
BH15,BH15
BH16,BH16
BH17,BH17
BH18,BH18
BH19,BH19
BH2,BH2
BH20,BH20
BH21,BH21
BH22,BH22
BH23,BH23
BH24,BH24
BH25,BH25
BH3,BH3
BH31,BH31
BH4,BH4
BH5,BH5
BH6,BH6
BH7,BH7
BH8,BH8
BH9,BH9
BL0,BL0
BL1,BL1
BL11,BL3
BL2,BL2
BL3,BL3
BL4,BL4
BL5,BL5
BL6,BL6
BL7,BL7
BL78,BL4
BL8,BL8
BL9,BL9
BN1,BN1
BN10,BN10
BN11,BN11
BN12,BN12
BN13,BN13
BN14,BN14
BN15,BN15
BN16,BN16
BN17,BN17
BN18,BN18
BN2,BN2
BN20,BN20
BN21,BN21
BN22,BN22
BN23,BN23
BN24,BN24
BN25,BN25
BN26,BN26
BN27,BN27
BN3,BN3
BN4,BN43
BN41,BN41
BN42,BN42
BN43,BN43
BN44,BN44
BN45,BN45
BN5,BN5
BN50,BN1
BN51,BN2
BN52,BN3
BN6,BN6
BN7,BN7
BN8,BN8
BN88,BN1
BN9,BN9
BN99,BN11
BR1,BR1
BR2,BR2
BR3,BR3
BR4,BR4
BR5,BR5
BR6,BR6
BR7,BR7
BR8,BR8
BS0,BS23
BS1,BS1
BS10,BS10
BS11,BS11
BS12,BS34
BS13,BS13
BS14,BS14
BS15,BS15
BS16,BS16
BS17,BS37
BS18,BS40
BS19,BS48
BS2,BS2
BS20,BS20
BS21,BS21
BS22,BS22
BS23,BS23
BS24,BS24
BS25,BS25
BS26,BS26
BS27,BS27
BS28,BS28
BS29,BS29
BS3,BS3
BS30,BS30
BS31,BS31
BS32,BS32
BS34,BS34
BS35,BS35
BS36,BS36
BS37,BS37
BS39,BS39
BS4,BS4
BS40,BS40
BS41,BS41
BS48,BS48
BS49,BS49
BS5,BS5
BS6,BS6
BS7,BS7
BS77,BS3
BS8,BS8
BS80,BS34
BS9,BS9
BS98,BS2
BS99,BS2
BT1,BT1
BT10,BT10
BT11,BT11
BT12,BT12
BT13,BT13
BT14,BT14
BT15,BT15
BT16,BT16
BT17,BT17
BT18,BT18
BT19,BT19
BT2,BT2
BT20,BT20
BT21,BT21
BT22,BT22
BT23,BT23
BT24,BT24
BT25,BT25
BT26,BT26
BT27,BT27
BT28,BT28
BT29,BT29
BT3,BT3
BT30,BT30
BT31,BT31
BT32,BT32
BT33,BT33
BT34,BT34
BT35,BT35
BT36,BT36
BT37,BT37
BT38,BT38
BT39,BT39
BT4,BT4
BT40,BT40
BT41,BT41
BT42,BT42
BT43,BT43
BT44,BT44
BT45,BT45
BT46,BT46
BT47,BT47
BT48,BT48
BT49,BT49
BT5,BT5
BT51,BT51
BT52,BT52
BT53,BT53
BT54,BT54
BT55,BT55
BT56,BT56
BT57,BT57
BT6,BT6
BT60,BT60
BT61,BT61
BT62,BT62
BT63,BT63
BT64,BT64
BT65,BT65
BT66,BT66
BT67,BT67
BT68,BT68
BT69,BT69
BT7,BT7
BT70,BT70
BT71,BT71
BT74,BT74
BT75,BT75
BT76,BT76
BT77,BT77
BT78,BT78
BT79,BT79
BT8,BT8
BT80,BT80
BT81,BT81
BT82,BT82
BT9,BT9
BT92,BT92
BT93,BT93
BT94,BT94
BT99,BT1
CA1,CA1
CA10,CA10
CA11,CA11
CA12,CA12
CA13,CA13
CA14,CA14
CA15,CA15
CA16,CA16
CA17,CA17
CA18,CA18
CA19,CA19
CA2,CA2
CA20,CA20
CA21,CA21
CA22,CA22
CA23,CA23
CA24,CA24
CA25,CA25
CA26,CA26
CA27,CA27
CA28,CA28
CA3,CA3
CA4,CA4
CA5,CA5
CA6,CA6
CA7,CA7
CA8,CA8
CA9,CA9
CA95,CA14
CA99,CA2
CB1,CB1
CB10,CB10
CB11,CB11
CB2,CB2
CB21,CB21
CB22,CB22
CB23,CB23
CB24,CB24
CB25,CB25
CB3,CB3
CB4,CB4
CB5,CB5
CB6,CB6
CB7,CB7
CB8,CB8
CB9,CB9
CF1,CF10
CF10,CF10
CF11,CF11
CF14,CF14
CF15,CF15
CF2,CF24
CF23,CF23
CF24,CF24
CF3,CF3
CF30,CF3
CF31,CF31
CF32,CF32
CF33,CF33
CF34,CF34
CF35,CF35
CF36,CF36
CF37,CF37
CF38,CF38
CF39,CF39
CF4,CF14
CF40,CF40
CF41,CF41
CF42,CF42
CF43,CF43
CF44,CF44
CF45,CF45
CF46,CF46
CF47,CF47
CF48,CF48
CF5,CF5
CF6,CF64
CF61,CF61
CF62,CF62
CF63,CF63
CF64,CF64
CF7,CF72
CF71,CF71
CF72,CF72
CF8,CF83
CF81,CF81
CF82,CF82
CF83,CF83
CF91,CF11
CF95,CF10
CF99,CF10
CH1,CH1
CH2,CH2
CH25,CH41
CH26,CH43
CH27,CH45
CH28,CH46
CH29,CH47
CH3,CH3
CH30,CH49
CH31,CH60
CH32,CH62
CH33,CH64
CH34,CH65
CH4,CH4
CH41,CH41
CH42,CH42
CH43,CH43
CH44,CH44
CH45,CH45
CH46,CH46
CH47,CH47
CH48,CH48
CH49,CH49
CH5,CH5
CH6,CH6
CH60,CH60
CH61,CH61
CH62,CH62
CH63,CH63
CH64,CH64
CH65,CH65
CH66,CH66
CH7,CH7
CH70,CH1
CH8,CH8
CH88,CH4
CH99,CH1
CM0,CM0
CM1,CM1
CM11,CM11
CM12,CM12
CM13,CM13
CM14,CM14
CM15,CM15
CM16,CM16
CM17,CM17
CM18,CM18
CM19,CM19
CM2,CM2
CM20,CM20
CM21,CM21
CM22,CM22
CM23,CM23
CM24,CM24
CM3,CM3
CM4,CM4
CM5,CM5
CM6,CM6
CM7,CM7
CM77,CM77
CM8,CM8
CM9,CM9
CM98,CM2
CM99,CM2
CO1,CO1
CO10,CO10
CO11,CO11
CO12,CO12
CO13,CO13
CO14,CO14
CO15,CO15
CO16,CO16
CO2,CO2
CO3,CO3
CO4,CO4
CO5,CO5
CO6,CO6
CO7,CO7
CO8,CO8
CO9,CO9
CR0,CR0
CR2,CR2
CR3,CR3
CR4,CR4
CR44,CR0
CR5,CR5
CR6,CR6
CR7,CR7
CR8,CR8
CR9,CR0
CR90,CR0
CT1,CT1
CT10,CT10
CT11,CT11
CT12,CT12
CT13,CT13
CT14,CT14
CT15,CT15
CT16,CT16
CT17,CT17
CT18,CT18
CT19,CT19
CT2,CT2
CT20,CT20
CT21,CT21
CT3,CT3
CT4,CT4
CT5,CT5
CT50,CT20
CT6,CT6
CT7,CT7
CT8,CT8
CT9,CT9
CV1,CV1
CV10,CV10
CV11,CV11
CV12,CV12
CV13,CV13
CV2,CV2
CV21,CV21
CV22,CV22
CV23,CV23
CV3,CV3
CV31,CV31
CV32,CV32
CV33,CV33
CV34,CV34
CV35,CV35
CV36,CV36
CV37,CV37
CV4,CV4
CV47,CV47
CV5,CV5
CV6,CV6
CV7,CV7
CV8,CV8
CV9,CV9
CW1,CW1
CW10,CW10
CW11,CW11
CW12,CW12
CW2,CW2
CW3,CW3
CW4,CW4
CW5,CW5
CW6,CW6
CW7,CW7
CW8,CW8
CW9,CW9
DA1,DA1
DA10,DA10
DA11,DA11
DA12,DA12
DA13,DA13
DA14,DA14
DA15,DA15
DA16,DA16
DA17,DA17
DA18,DA18
DA2,DA2
DA3,DA3
DA4,DA4
DA5,DA5
DA6,DA6
DA7,DA7
DA8,DA8
DA9,DA9
DD1,DD1
DD10,DD10
DD11,DD11
DD2,DD2
DD3,DD3
DD4,DD4
DD5,DD5
DD6,DD6
DD7,DD7
DD8,DD8
DD9,DD9
DE1,DE1
DE11,DE11
DE12,DE12
DE13,DE13
DE14,DE14
DE15,DE15
DE2,DE21
DE21,DE21
DE22,DE22
DE23,DE23
DE24,DE24
DE3,DE3
DE4,DE4
DE45,DE45
DE5,DE5
DE55,DE55
DE56,DE56
DE6,DE6
DE65,DE65
DE7,DE7
DE72,DE72
DE73,DE73
DE74,DE74
DE75,DE75
DE99,DE1
DG1,DG1
DG10,DG10
DG11,DG11
DG12,DG12
DG13,DG13
DG14,DG14
DG16,DG16
DG2,DG2
DG3,DG3
DG4,DG4
DG5,DG5
DG6,DG6
DG7,DG7
DG8,DG8
DG9,DG9
DH1,DH1
DH2,DH2
DH3,DH3
DH4,DH4
DH5,DH5
DH6,DH6
DH7,DH7
DH8,DH8
DH9,DH9
DH97,DH1
DH98,NE11
DH99,DH1
DL1,DL1
DL10,DL10
DL11,DL11
DL12,DL12
DL13,DL13
DL14,DL14
DL15,DL15
DL16,DL16
DL17,DL17
DL2,DL2
DL3,DL3
DL4,DL4
DL5,DL5
DL6,DL6
DL7,DL7
DL8,DL8
DL9,DL9
DL98,DL3
DN1,DN1
DN10,DN10
DN11,DN11
DN12,DN12
DN14,DN14
DN15,DN15
DN16,DN16
DN17,DN17
DN18,DN18
DN19,DN19
DN2,DN2
DN20,DN20
DN21,DN21
DN22,DN22
DN3,DN3
DN31,DN31
DN32,DN32
DN33,DN33
DN34,DN34
DN35,DN35
DN36,DN36
DN37,DN37
DN38,DN38
DN39,DN39
DN4,DN4
DN40,DN40
DN41,DN41
DN5,DN5
DN55,DN4
DN6,DN6
DN7,DN7
DN8,DN8
DN9,DN9
DT1,DT1
DT10,DT10
DT11,DT11
DT2,DT2
DT3,DT3
DT4,DT4
DT5,DT5
DT6,DT6
DT7,DT7
DT8,DT8
DT9,DT9
DY1,DY1
DY10,DY10
DY11,DY11
DY12,DY12
DY13,DY13
DY14,DY14
DY2,DY2
DY3,DY3
DY4,DY4
DY5,DY5
DY6,DY6
DY7,DY7
DY8,DY8
DY9,DY9
E1,E1
E10,E10
E11,E11
E12,E12
E13,E13
E14,E14
E15,E15
E16,E16
E17,E17
E18,E18
E1W,E1W
E2,E2
E20,E20
E3,E3
E4,E4
E5,E5
E6,E6
E7,E7
E77,E1
E8,E8
E9,E9
E98,E1W
EC1A,EC1A
EC1M,EC1M
EC1N,EC1N
EC1P,EC2A
EC1R,EC1R
EC1V,EC1V
EC1Y,EC1Y
EC2A,EC2A
EC2M,EC2M
EC2N,EC2M
EC2P,EC2A
EC2R,EC2M
EC2V,EC2V
EC2Y,EC2Y
EC3A,EC3R
EC3B,EC2M
EC3M,EC3R
EC3N,EC3N
EC3P,EC2A
EC3R,EC3R
EC3V,EC2M
EC4A,EC4A
EC4M,EC4M
EC4N,EC2M
EC4P,EC2A
EC4R,EC2M
EC4V,EC4V
EC4Y,EC4Y
EC50,EC2A
EC88,N1
EH1,EH1
EH10,EH10
EH11,EH11
EH12,EH12
EH13,EH13
EH14,EH14
EH15,EH15
EH16,EH16
EH17,EH17
EH18,EH18
EH19,EH19
EH2,EH2
EH20,EH20
EH21,EH21
EH22,EH22
EH23,EH23
EH24,EH24
EH25,EH25
EH26,EH26
EH27,EH27
EH28,EH28
EH29,EH29
EH3,EH3
EH30,EH30
EH31,EH31
EH32,EH32
EH33,EH33
EH34,EH34
EH35,EH35
EH36,EH36
EH37,EH37
EH38,EH38
EH39,EH39
EH4,EH4
EH40,EH40
EH41,EH41
EH42,EH42
EH43,EH43
EH44,EH44
EH45,EH45
EH46,EH46
EH47,EH47
EH48,EH48
EH49,EH49
EH5,EH5
EH51,EH51
EH52,EH52
EH53,EH53
EH54,EH54
EH55,EH55
EH6,EH6
EH7,EH7
EH8,EH8
EH9,EH9
EH91,EH2
EH99,EH7
EN1,EN1
EN10,EN10
EN11,EN11
EN2,EN2
EN3,EN3
EN4,EN4
EN5,EN5
EN6,EN6
EN7,EN7
EN8,EN8
EN9,EN9
EX1,EX1
EX10,EX10
EX11,EX11
EX12,EX12
EX13,EX13
EX14,EX14
EX15,EX15
EX16,EX16
EX17,EX17
EX18,EX18
EX19,EX19
EX2,EX2
EX20,EX20
EX21,EX21
EX22,EX22
EX23,EX23
EX24,EX24
EX3,EX3
EX31,EX31
EX32,EX32
EX33,EX33
EX34,EX34
EX35,EX35
EX36,EX36
EX37,EX37
EX38,EX38
EX39,EX39
EX4,EX4
EX5,EX5
EX6,EX6
EX7,EX7
EX8,EX8
EX9,EX9
FK1,FK1
FK10,FK10
FK11,FK11
FK12,FK12
FK13,FK13
FK14,FK14
FK15,FK15
FK16,FK16
FK17,FK17
FK18,FK18
FK19,FK19
FK2,FK2
FK20,FK20
FK21,FK21
FK3,FK3
FK4,FK4
FK5,FK5
FK6,FK6
FK7,FK7
FK8,FK8
FK9,FK9
FY0,FY8
FY1,FY1
FY2,FY2
FY3,FY3
FY4,FY4
FY5,FY5
FY6,FY6
FY7,FY7
FY8,FY8
G1,G1
G11,G11
G12,G12
G13,G13
G14,G14
G15,G15
G2,G2
G20,G20
G21,G21
G22,G22
G23,G23
G3,G3
G31,G31
G32,G32
G33,G33
G34,G34
G4,G4
G40,G40
G41,G41
G42,G42
G43,G43
G44,G44
G45,G45
G46,G46
G5,G5
G51,G51
G52,G52
G53,G53
G58,G21
G60,G60
G61,G61
G62,G62
G63,G63
G64,G64
G65,G65
G66,G66
G67,G67
G68,G68
G69,G69
G70,G67
G71,G71
G72,G72
G73,G73
G74,G74
G75,G75
G76,G76
G77,G77
G78,G78
G80,G4
G81,G81
G82,G82
G83,G83
G84,G84
G9,G4
G90,G4
GL1,GL1
GL10,GL10
GL11,GL11
GL12,GL12
GL13,GL13
GL14,GL14
GL15,GL15
GL16,GL16
GL17,GL17
GL18,GL18
GL19,GL19
GL2,GL2
GL20,GL20
GL3,GL3
GL4,GL4
GL5,GL5
GL50,GL50
GL51,GL51
GL52,GL52
GL53,GL53
GL54,GL54
GL55,GL55
GL56,GL56
GL6,GL6
GL7,GL7
GL8,GL8
GL9,GL9
GU1,GU1
GU10,GU10
GU11,GU11
GU12,GU12
GU13,GU51
GU14,GU14
GU15,GU15
GU16,GU16
GU17,GU17
GU18,GU18
GU19,GU19
GU2,GU2
GU20,GU20
GU21,GU21
GU22,GU22
GU23,GU23
GU24,GU24
GU25,GU25
GU26,GU26
GU27,GU27
GU28,GU28
GU29,GU29
GU3,GU3
GU30,GU30
GU31,GU31
GU32,GU32
GU33,GU33
GU34,GU34
GU35,GU35
GU4,GU4
GU46,GU46
GU47,GU47
GU5,GU5
GU51,GU51
GU52,GU52
GU6,GU6
GU7,GU7
GU8,GU8
GU9,GU9
GU95,GU15
HA0,HA0
HA1,HA1
HA2,HA2
HA3,HA3
HA4,HA4
HA5,HA5
HA6,HA6
HA7,HA7
HA8,HA8
HA9,HA9
HD1,HD1
HD2,HD2
HD3,HD3
HD4,HD4
HD5,HD5
HD6,HD6
HD7,HD7
HD8,HD8
HD9,HD9
HG1,HG1
HG2,HG2
HG3,HG3
HG4,HG4
HG5,HG5
HP1,HP1
HP10,HP10
HP11,HP11
HP12,HP12
HP13,HP13
HP14,HP14
HP15,HP15
HP16,HP16
HP17,HP17
HP18,HP18
HP19,HP19
HP2,HP2
HP20,HP20
HP21,HP21
HP22,HP22
HP23,HP23
HP27,HP27
HP3,HP3
HP4,HP4
HP5,HP5
HP6,HP6
HP7,HP7
HP8,HP8
HP9,HP9
HR1,HR1
HR2,HR2
HR3,HR3
HR4,HR4
HR5,HR5
HR6,HR6
HR7,HR7
HR8,HR8
HR9,HR9
HS1,HS1
HS2,HS2
HS3,HS3
HS4,HS4
HS5,HS5
HS6,HS6
HS7,HS7
HS8,HS8
HS9,HS9
HU1,HU1
HU10,HU10
HU11,HU11
HU12,HU12
HU13,HU13
HU14,HU14
HU15,HU15
HU16,HU16
HU17,HU17
HU18,HU18
HU19,HU19
HU2,HU2
HU20,HU20
HU3,HU3
HU4,HU4
HU5,HU5
HU6,HU6
HU7,HU7
HU8,HU8
HU9,HU9
HX1,HX1
HX2,HX2
HX3,HX3
HX4,HX4
HX5,HX5
HX6,HX6
HX7,HX7
IG1,IG1
IG10,IG10
IG11,IG11
IG2,IG2
IG3,IG3
IG4,IG4
IG5,IG5
IG6,IG6
IG7,IG7
IG8,IG8
IG9,IG9
IP1,IP1
IP10,IP10
IP11,IP11
IP12,IP12
IP13,IP13
IP14,IP14
IP15,IP15
IP16,IP16
IP17,IP17
IP18,IP18
IP19,IP19
IP2,IP2
IP20,IP20
IP21,IP21
IP22,IP22
IP23,IP23
IP24,IP24
IP25,IP25
IP26,IP26
IP27,IP27
IP28,IP28
IP29,IP29
IP3,IP3
IP30,IP30
IP31,IP31
IP32,IP32
IP33,IP33
IP4,IP4
IP5,IP5
IP6,IP6
IP7,IP7
IP8,IP8
IP9,IP9
IP98,IP22
IV1,IV1
IV10,IV10
IV11,IV11
IV12,IV12
IV13,IV13
IV14,IV14
IV15,IV15
IV16,IV16
IV17,IV17
IV18,IV18
IV19,IV19
IV2,IV2
IV20,IV20
IV21,IV21
IV22,IV22
IV23,IV23
IV24,IV24
IV25,IV25
IV26,IV26
IV27,IV27
IV28,IV28
IV3,IV3
IV30,IV30
IV31,IV31
IV32,IV32
IV33,AB38
IV34,AB38
IV35,AB38
IV36,IV36
IV4,IV4
IV40,IV40
IV41,IV41
IV42,IV42
IV43,IV43
IV44,IV44
IV45,IV45
IV46,IV46
IV47,IV47
IV48,IV48
IV49,IV49
IV5,IV5
IV51,IV51
IV52,IV52
IV53,IV53
IV54,IV54
IV55,IV55
IV56,IV56
IV6,IV6
IV63,IV63
IV7,IV7
IV8,IV8
IV9,IV9
KA1,KA1
KA10,KA10
KA11,KA11
KA12,KA12
KA13,KA13
KA14,KA14
KA15,KA15
KA16,KA16
KA17,KA17
KA18,KA18
KA19,KA19
KA2,KA2
KA20,KA20
KA21,KA21
KA22,KA22
KA23,KA23
KA24,KA24
KA25,KA25
KA26,KA26
KA27,KA27
KA28,KA28
KA29,KA29
KA3,KA3
KA30,KA30
KA4,KA4
KA5,KA5
KA6,KA6
KA7,KA7
KA8,KA8
KA9,KA9
KT1,KT1
KT10,KT10
KT11,KT11
KT12,KT12
KT13,KT13
KT14,KT14
KT15,KT15
KT16,KT16
KT17,KT17
KT18,KT18
KT19,KT19
KT2,KT2
KT20,KT20
KT21,KT21
KT22,KT22
KT23,KT23
KT24,KT24
KT3,KT3
KT4,KT4
KT5,KT5
KT6,KT6
KT7,KT7
KT8,KT8
KT9,KT9
KW1,KW1
KW10,KW10
KW11,KW11
KW12,KW12
KW13,KW13
KW14,KW14
KW15,KW15
KW16,KW16
KW17,KW17
KW2,KW2
KW3,KW3
KW5,KW5
KW6,KW6
KW7,KW7
KW8,KW8
KW9,KW9
KY1,KY1
KY10,KY10
KY11,KY11
KY12,KY12
KY13,KY13
KY14,KY14
KY15,KY15
KY16,KY16
KY2,KY2
KY3,KY3
KY4,KY4
KY5,KY5
KY6,KY6
KY7,KY7
KY8,KY8
KY9,KY9
KY99,KY11
L1,L1
L10,L10
L11,L11
L12,L12
L13,L13
L14,L14
L15,L15
L16,L16
L17,L17
L18,L18
L19,L19
L2,L2
L20,L20
L21,L21
L22,L22
L23,L23
L24,L24
L25,L25
L26,L26
L27,L27
L28,L28
L29,L29
L3,L3
L30,L30
L31,L31
L32,L32
L33,L33
L34,L34
L35,L35
L36,L36
L37,L37
L38,L38
L39,L39
L4,L4
L40,L40
L41,CH41
L42,CH42
L43,CH43
L44,CH44
L45,CH45
L46,CH46
L47,CH47
L48,CH48
L49,CH49
L5,L5
L6,L6
L60,CH60
L61,CH61
L62,CH62
L63,CH63
L64,CH64
L65,CH65
L66,CH66
L67,L69
L68,L9
L69,L69
L7,L7
L70,L3
L71,L3
L72,L23
L73,L69
L74,L3
L75,L2
L8,L8
L80,L9
L9,L9
LA1,LA1
LA10,LA10
LA11,LA11
LA12,LA12
LA13,LA13
LA14,LA14
LA15,LA15
LA16,LA16
LA17,LA17
LA18,LA18
LA19,LA19
LA2,LA2
LA20,LA20
LA21,LA21
LA22,LA22
LA23,LA23
LA3,LA3
LA4,LA4
LA5,LA5
LA6,LA6
LA7,LA7
LA8,LA8
LA9,LA9
LD1,LD1
LD2,LD2
LD3,LD3
LD4,LD4
LD5,LD5
LD6,LD6
LD7,LD7
LD8,LD8
LE1,LE1
LE10,LE10
LE11,LE11
LE12,LE12
LE13,LE13
LE14,LE14
LE15,LE15
LE16,LE16
LE17,LE17
LE18,LE18
LE19,LE19
LE2,LE2
LE21,LE2
LE3,LE3
LE4,LE4
LE41,LE4
LE5,LE5
LE55,LE65
LE6,LE6
LE65,LE65
LE67,LE67
LE7,LE7
LE8,LE8
LE87,LE1
LE9,LE9
LE94,LE16
LL11,LL11
LL12,LL12
LL13,LL13
LL14,LL14
LL15,LL15
LL16,LL16
LL17,LL17
LL18,LL18
LL19,LL19
LL20,LL20
LL21,LL21
LL22,LL22
LL23,LL23
LL24,LL24
LL25,LL25
LL26,LL26
LL27,LL27
LL28,LL28
LL29,LL29
LL30,LL30
LL31,LL31
LL32,LL32
LL33,LL33
LL34,LL34
LL35,LL35
LL36,LL36
LL37,LL37
LL38,LL38
LL39,LL39
LL40,LL40
LL41,LL41
LL42,LL42
LL43,LL43
LL44,LL44
LL45,LL45
LL46,LL46
LL47,LL47
LL48,LL48
LL49,LL49
LL51,LL51
LL52,LL52
LL53,LL53
LL54,LL54
LL55,LL55
LL56,LL56
LL57,LL57
LL58,LL58
LL59,LL59
LL60,LL60
LL61,LL61
LL62,LL62
LL63,LL63
LL64,LL64
LL65,LL65
LL66,LL66
LL67,LL67
LL68,LL68
LL69,LL69
LL70,LL70
LL71,LL71
LL72,LL72
LL73,LL73
LL74,LL74
LL75,LL75
LL76,LL76
LL77,LL77
LL78,LL78
LN1,LN1
LN10,LN10
LN11,LN11
LN12,LN12
LN13,LN13
LN2,LN2
LN3,LN3
LN4,LN4
LN5,LN5
LN6,LN6
LN7,LN7
LN8,LN8
LN9,LN9
LS1,LS1
LS10,LS10
LS11,LS11
LS12,LS12
LS13,LS13
LS14,LS14
LS15,LS15
LS16,LS16
LS17,LS17
LS18,LS18
LS19,LS19
LS2,LS2
LS20,LS20
LS21,LS21
LS22,LS22
LS23,LS23
LS24,LS24
LS25,LS25
LS26,LS26
LS27,LS27
LS28,LS28
LS29,LS29
LS3,LS3
LS4,LS4
LS5,LS5
LS6,LS6
LS7,LS7
LS8,LS8
LS88,LS27
LS9,LS9
LS98,LS10
LS99,LS10
LU1,LU1
LU2,LU2
LU3,LU3
LU4,LU4
LU5,LU5
LU6,LU6
LU7,LU7
LU95,LU7
M1,M1
M10,M40
M11,M11
M12,M12
M13,M13
M14,M14
M15,M15
M16,M16
M17,M17
M18,M18
M19,M19
M2,M2
M20,M20
M21,M21
M22,M22
M23,M23
M24,M24
M25,M25
M26,M26
M27,M27
M28,M28
M29,M29
M3,M3
M30,M30
M31,M31
M32,M32
M33,M33
M34,M34
M35,M35
M38,M38
M4,M4
M40,M40
M41,M41
M43,M43
M44,M44
M45,M45
M46,M46
M5,M5
M50,M50
M52,M14
M6,M6
M60,M4
M61,M4
M7,M7
M8,M8
M9,M9
M90,M90
M99,M4
ME1,ME1
ME10,ME10
ME11,ME11
ME12,ME12
ME13,ME13
ME14,ME14
ME15,ME15
ME16,ME16
ME17,ME17
ME18,ME18
ME19,ME19
ME2,ME2
ME20,ME20
ME3,ME3
ME4,ME4
ME5,ME5
ME6,ME6
ME7,ME7
ME8,ME8
ME9,ME9
ME99,ME1
MK1,MK1
MK10,MK10
MK11,MK11
MK12,MK12
MK13,MK13
MK14,MK14
MK15,MK15
MK16,MK16
MK17,MK17
MK18,MK18
MK19,MK19
MK2,MK2
MK3,MK3
MK4,MK4
MK40,MK40
MK41,MK41
MK42,MK42
MK43,MK43
MK44,MK44
MK45,MK45
MK46,MK46
MK5,MK5
MK6,MK6
MK7,MK7
MK77,MK11
MK8,MK8
MK9,MK9
MK98,MK14
ML1,ML1
ML10,ML10
ML11,ML11
ML12,ML12
ML2,ML2
ML3,ML3
ML4,ML4
ML5,ML5
ML6,ML6
ML7,ML7
ML8,ML8
ML9,ML9
N1,N1
N10,N10
N11,N11
N12,N12
N13,N13
N14,N14
N15,N15
N16,N16
N17,N17
N18,N18
N19,N19
N1C,N1C
N1P,N1
N2,N2
N20,N20
N21,N21
N22,N22
N3,N3
N4,N4
N5,N5
N6,N6
N7,N7
N8,N8
N81,N8
N9,N9
NE1,NE1
NE10,NE10
NE11,NE11
NE12,NE12
NE13,NE13
NE15,NE15
NE16,NE16
NE17,NE17
NE18,NE18
NE19,NE19
NE2,NE2
NE20,NE20
NE21,NE21
NE22,NE22
NE23,NE23
NE24,NE24
NE25,NE25
NE26,NE26
NE27,NE27
NE28,NE28
NE29,NE29
NE3,NE3
NE30,NE30
NE31,NE31
NE32,NE32
NE33,NE33
NE34,NE34
NE35,NE35
NE36,NE36
NE37,NE37
NE38,NE38
NE39,NE39
NE4,NE4
NE40,NE40
NE41,NE41
NE42,NE42
NE43,NE43
NE44,NE44
NE45,NE45
NE46,NE46
NE47,NE47
NE48,NE48
NE49,NE49
NE5,NE5
NE6,NE6
NE61,NE61
NE62,NE62
NE63,NE63
NE64,NE64
NE65,NE65
NE66,NE66
NE67,NE67
NE68,NE68
NE69,NE69
NE7,NE7
NE70,NE70
NE71,NE71
NE8,NE8
NE82,NE11
NE83,NE11
NE85,NE11
NE88,NE11
NE89,NE38
NE9,NE9
NE92,NE11
NE98,NE7
NE99,NE1
NG1,NG1
NG10,NG10
NG11,NG11
NG12,NG12
NG13,NG13
NG14,NG14
NG15,NG15
NG16,NG16
NG17,NG17
NG18,NG18
NG19,NG19
NG2,NG2
NG20,NG20
NG21,NG21
NG22,NG22
NG23,NG23
NG24,NG24
NG25,NG25
NG3,NG3
NG31,NG31
NG32,NG32
NG33,NG33
NG34,NG34
NG4,NG4
NG5,NG5
NG6,NG6
NG7,NG7
NG70,NG19
NG8,NG8
NG80,NG2
NG9,NG9
NG90,NG2
NN1,NN1
NN10,NN10
NN11,NN11
NN12,NN12
NN13,NN13
NN14,NN14
NN15,NN15
NN16,NN16
NN17,NN17
NN18,NN18
NN2,NN2
NN29,NN29
NN3,NN3
NN4,NN4
NN5,NN5
NN6,NN6
NN7,NN7
NN8,NN8
NN9,NN9
NN99,NN1
NP1,NP11
NP10,NP10
NP11,NP11
NP12,NP12
NP13,NP13
NP15,NP15
NP16,NP16
NP18,NP18
NP19,NP19
NP2,NP12
NP20,NP20
NP22,NP22
NP23,NP23
NP24,NP24
NP25,NP25
NP26,NP26
NP3,NP23
NP4,NP4
NP44,NP44
NP5,NP25
NP6,NP16
NP7,NP7
NP8,NP8
NP9,NP20
NPT,NP20
NR1,NR1
NR10,NR10
NR11,NR11
NR12,NR12
NR13,NR13
NR14,NR14
NR15,NR15
NR16,NR16
NR17,NR17
NR18,NR18
NR19,NR19
NR2,NR2
NR20,NR20
NR21,NR21
NR22,NR22
NR23,NR23
NR24,NR24
NR25,NR25
NR26,NR26
NR27,NR27
NR28,NR28
NR29,NR29
NR3,NR3
NR30,NR30
NR31,NR31
NR32,NR32
NR33,NR33
NR34,NR34
NR35,NR35
NR4,NR4
NR5,NR5
NR6,NR6
NR7,NR7
NR8,NR8
NR9,NR9
NR99,NR1
NW1,NW1
NW10,NW10
NW11,NW11
NW1W,NW1
NW2,NW2
NW26,NW10
NW3,NW3
NW4,NW4
NW5,NW5
NW6,NW6
NW7,NW7
NW8,NW8
NW9,NW9
OL1,OL1
OL10,OL10
OL11,OL11
OL12,OL12
OL13,OL13
OL14,OL14
OL15,OL15
OL16,OL16
OL2,OL2
OL3,OL3
OL4,OL4
OL5,OL5
OL6,OL6
OL7,OL7
OL8,OL8
OL9,OL9
OL95,OL2
OX1,OX1
OX10,OX10
OX11,OX11
OX12,OX12
OX13,OX13
OX14,OX14
OX15,OX15
OX16,OX16
OX17,OX17
OX18,OX18
OX2,OX2
OX20,OX20
OX25,OX25
OX26,OX26
OX27,OX27
OX28,OX28
OX29,OX29
OX3,OX3
OX33,OX33
OX39,OX39
OX4,OX4
OX44,OX44
OX49,OX49
OX5,OX5
OX6,OX26
OX7,OX7
OX8,OX29
OX9,OX9
PA1,PA1
PA10,PA10
PA11,PA11
PA12,PA12
PA13,PA13
PA14,PA14
PA15,PA15
PA16,PA16
PA17,PA17
PA18,PA18
PA19,PA19
PA2,PA2
PA20,PA20
PA21,PA21
PA22,PA22
PA23,PA23
PA24,PA24
PA25,PA25
PA26,PA26
PA27,PA27
PA28,PA28
PA29,PA29
PA3,PA3
PA30,PA30
PA31,PA31
PA32,PA32
PA33,PA33
PA34,PA34
PA35,PA35
PA36,PA36
PA37,PA37
PA38,PA38
PA39,PH49
PA4,PA4
PA40,PH50
PA41,PA41
PA42,PA42
PA43,PA43
PA44,PA44
PA45,PA45
PA46,PA46
PA47,PA47
PA48,PA48
PA49,PA49
PA5,PA5
PA6,PA6
PA60,PA60
PA61,PA61
PA64,PA64
PA65,PA65
PA66,PA66
PA67,PA67
PA7,PA7
PA70,PA70
PA71,PA71
PA72,PA72
PA73,PA73
PA75,PA75
PA76,PA76
PA77,PA77
PA78,PA78
PA8,PA8
PA80,PA80
PA81,HS8
PA82,HS6
PA83,HS5
PA84,HS4
PA85,HS3
PA86,HS2
PA87,HS1
PA88,HS7
PA9,PA9
PA98,PA3
PE1,PE1
PE10,PE10
PE11,PE11
PE12,PE12
PE13,PE13
PE14,PE14
PE15,PE15
PE16,PE16
PE17,PE28
PE18,PE29
PE19,PE19
PE2,PE2
PE20,PE20
PE21,PE21
PE22,PE22
PE23,PE23
PE24,PE24
PE25,PE25
PE26,PE26
PE27,PE27
PE28,PE28
PE29,PE29
PE3,PE3
PE30,PE30
PE31,PE31
PE32,PE32
PE33,PE33
PE34,PE34
PE35,PE35
PE36,PE36
PE37,PE37
PE38,PE38
PE4,PE4
PE5,PE5
PE6,PE6
PE7,PE7
PE8,PE8
PE9,PE9
PE99,PE4
PH1,PH1
PH10,PH10
PH11,PH11
PH12,PH12
PH13,PH13
PH14,PH14
PH15,PH15
PH16,PH16
PH17,PH17
PH18,PH18
PH19,PH19
PH2,PH2
PH20,PH20
PH21,PH21
PH22,PH22
PH23,PH23
PH24,PH24
PH25,PH25
PH26,PH26
PH3,PH3
PH30,PH30
PH31,PH31
PH32,PH32
PH33,PH33
PH34,PH34
PH35,PH35
PH36,PH36
PH37,PH37
PH38,PH38
PH39,PH39
PH4,PH4
PH40,PH40
PH41,PH41
PH42,PH41
PH49,PH49
PH5,PH5
PH50,PH50
PH6,PH6
PH7,PH7
PH8,PH8
PH9,PH9
PL1,PL1
PL10,PL10
PL11,PL11
PL12,PL12
PL13,PL13
PL14,PL14
PL15,PL15
PL16,PL16
PL17,PL17
PL18,PL18
PL19,PL19
PL2,PL2
PL20,PL20
PL21,PL21
PL22,PL22
PL23,PL23
PL24,PL24
PL25,PL25
PL26,PL26
PL27,PL27
PL28,PL28
PL29,PL29
PL3,PL3
PL30,PL30
PL31,PL31
PL32,PL32
PL33,PL33
PL34,PL34
PL35,PL35
PL4,PL4
PL5,PL5
PL6,PL6
PL7,PL7
PL8,PL8
PL9,PL9
PL95,PL9
PO1,PO1
PO10,PO10
PO11,PO11
PO12,PO12
PO13,PO13
PO14,PO14
PO15,PO15
PO16,PO16
PO17,PO17
PO18,PO18
PO19,PO19
PO2,PO2
PO20,PO20
PO21,PO21
PO22,PO22
PO3,PO3
PO30,PO30
PO31,PO31
PO32,PO32
PO33,PO33
PO34,PO34
PO35,PO35
PO36,PO36
PO37,PO37
PO38,PO38
PO39,PO39
PO4,PO4
PO40,PO40
PO41,PO41
PO5,PO5
PO6,PO6
PO7,PO7
PO8,PO8
PO9,PO9
PR0,PR1
PR1,PR1
PR11,PR1
PR2,PR2
PR25,PR25
PR26,PR26
PR3,PR3
PR4,PR4
PR5,PR5
PR6,PR6
PR7,PR7
PR8,PR8
PR9,PR9
RG1,RG1
RG10,RG10
RG11,RG40
RG12,RG12
RG13,RG14
RG14,RG14
RG15,RG20
RG16,RG20
RG17,RG17
RG18,RG18
RG19,RG19
RG2,RG2
RG20,RG20
RG21,RG21
RG22,RG22
RG23,RG23
RG24,RG24
RG25,RG25
RG26,RG26
RG27,RG27
RG28,RG28
RG29,RG29
RG3,RG30
RG30,RG30
RG31,RG31
RG4,RG4
RG40,RG40
RG41,RG41
RG42,RG42
RG45,RG45
RG5,RG5
RG6,RG6
RG7,RG7
RG8,RG8
RG9,RG9
RH1,RH1
RH10,RH10
RH11,RH11
RH12,RH12
RH13,RH13
RH14,RH14
RH15,RH15
RH16,RH16
RH17,RH17
RH18,RH18
RH19,RH19
RH2,RH2
RH20,RH20
RH3,RH3
RH4,RH4
RH5,RH5
RH6,RH6
RH7,RH7
RH77,RH10
RH8,RH8
RH9,RH9
RM1,RM1
RM10,RM10
RM11,RM11
RM12,RM12
RM13,RM13
RM14,RM14
RM15,RM15
RM16,RM16
RM17,RM17
RM18,RM18
RM19,RM19
RM2,RM2
RM20,RM20
RM3,RM3
RM4,RM4
RM5,RM5
RM50,RM7
RM6,RM6
RM7,RM7
RM8,RM8
RM9,RM9
S1,S1
S10,S10
S11,S11
S12,S12
S13,S13
S14,S14
S17,S17
S18,S18
S19,S20
S2,S2
S20,S20
S21,S21
S25,S25
S26,S26
S3,S3
S30,S35
S31,S26
S32,S32
S33,S33
S35,S35
S36,S36
S4,S4
S40,S40
S41,S41
S42,S42
S43,S43
S44,S44
S45,S45
S49,S40
S5,S5
S6,S6
S60,S60
S61,S61
S62,S62
S63,S63
S64,S64
S65,S65
S66,S66
S7,S7
S70,S70
S71,S71
S72,S72
S73,S73
S74,S74
S75,S75
S8,S8
S80,S80
S81,S81
S9,S9
S95,S9
S96,S9
S97,S63
S98,S9
S99,S9
SA1,SA1
SA10,SA10
SA11,SA11
SA12,SA12
SA13,SA13
SA14,SA14
SA15,SA15
SA16,SA16
SA17,SA17
SA18,SA18
SA19,SA19
SA2,SA2
SA20,SA20
SA3,SA3
SA31,SA31
SA32,SA32
SA33,SA33
SA34,SA34
SA35,SA35
SA36,SA36
SA37,SA37
SA38,SA38
SA39,SA39
SA4,SA4
SA40,SA40
SA41,SA41
SA42,SA42
SA43,SA43
SA44,SA44
SA45,SA45
SA46,SA46
SA47,SA47
SA48,SA48
SA5,SA5
SA6,SA6
SA61,SA61
SA62,SA62
SA63,SA63
SA64,SA64
SA65,SA65
SA66,SA66
SA67,SA67
SA68,SA68
SA69,SA69
SA7,SA7
SA70,SA70
SA71,SA71
SA72,SA72
SA73,SA73
SA8,SA8
SA80,SA1
SA9,SA9
SA99,SA6
SE1,SE1
SE10,SE10
SE11,SE11
SE12,SE12
SE13,SE13
SE14,SE14
SE15,SE15
SE16,SE16
SE17,SE17
SE18,SE18
SE19,SE19
SE1P,SE1
SE2,SE2
SE20,SE20
SE21,SE21
SE22,SE22
SE23,SE23
SE24,SE24
SE25,SE25
SE26,SE26
SE27,SE27
SE28,SE28
SE3,SE3
SE4,SE4
SE5,SE5
SE6,SE6
SE7,SE7
SE8,SE8
SE9,SE9
SE99,SE15
SG1,SG1
SG10,SG10
SG11,SG11
SG12,SG12
SG13,SG13
SG14,SG14
SG15,SG15
SG16,SG16
SG17,SG17
SG18,SG18
SG19,SG19
SG2,SG2
SG3,SG3
SG4,SG4
SG5,SG5
SG6,SG6
SG7,SG7
SG8,SG8
SG9,SG9
SK1,SK1
SK10,SK10
SK11,SK11
SK12,SK12
SK13,SK13
SK14,SK14
SK15,SK15
SK16,SK16
SK17,SK17
SK2,SK2
SK22,SK22
SK23,SK23
SK3,SK3
SK4,SK4
SK5,SK5
SK6,SK6
SK7,SK7
SK8,SK8
SK9,SK9
SL0,SL0
SL1,SL1
SL2,SL2
SL3,SL3
SL4,SL4
SL5,SL5
SL6,SL6
SL60,SL6
SL7,SL7
SL8,SL8
SL9,SL9
SL95,SL3
SM1,SM1
SM2,SM2
SM3,SM3
SM4,SM4
SM5,SM5
SM6,SM6
SM7,SM7
SN1,SN1
SN10,SN10
SN11,SN11
SN12,SN12
SN13,SN13
SN14,SN14
SN15,SN15
SN16,SN16
SN17,SN5
SN2,SN2
SN25,SN25
SN26,SN26
SN3,SN3
SN38,SN3
SN4,SN4
SN5,SN5
SN6,SN6
SN7,SN7
SN8,SN8
SN9,SN9
SN99,SN1
SO1,SO16
SO14,SO14
SO15,SO15
SO16,SO16
SO17,SO17
SO18,SO18
SO19,SO19
SO2,SO19
SO20,SO20
SO21,SO21
SO22,SO22
SO23,SO23
SO24,SO24
SO25,SO23
SO3,SO31
SO30,SO30
SO31,SO31
SO32,SO32
SO4,SO45
SO40,SO40
SO41,SO41
SO42,SO42
SO43,SO43
SO45,SO45
SO5,SO50
SO50,SO50
SO51,SO51
SO52,SO52
SO53,SO53
SO9,SO14
SO97,SO50
SP1,SP1
SP10,SP10
SP11,SP11
SP2,SP2
SP3,SP3
SP4,SP4
SP5,SP5
SP6,SP6
SP7,SP7
SP8,SP8
SP9,SP9
SR1,SR1
SR2,SR2
SR3,SR3
SR4,SR4
SR43,SR4
SR5,SR5
SR6,SR6
SR7,SR7
SR8,SR8
SR88,SR8
SR9,SR5
SS0,SS0
SS1,SS1
SS11,SS11
SS12,SS12
SS13,SS13
SS14,SS14
SS15,SS15
SS16,SS16
SS17,SS17
SS2,SS2
SS22,SS2
SS3,SS3
SS4,SS4
SS5,SS5
SS6,SS6
SS7,SS7
SS8,SS8
SS9,SS9
SS99,SS2
ST1,ST1
ST10,ST10
ST11,ST11
ST12,ST12
ST13,ST13
ST14,ST14
ST15,ST15
ST16,ST16
ST17,ST17
ST18,ST18
ST19,ST19
ST2,ST2
ST20,ST20
ST21,ST21
ST3,ST3
ST4,ST4
ST5,ST5
ST55,ST5
ST6,ST6
ST7,ST7
ST8,ST8
ST9,ST9
SW10,SW10
SW11,SW11
SW12,SW12
SW13,SW13
SW14,SW14
SW15,SW15
SW16,SW16
SW17,SW17
SW18,SW18
SW19,SW19
SW1A,SW1A
SW1E,SW1E
SW1H,SW1H
SW1P,SW1P
SW1V,SW1V
SW1W,SW1W
SW1X,SW1X
SW1Y,SW1Y
SW2,SW2
SW20,SW20
SW3,SW3
SW4,SW4
SW5,SW5
SW6,SW6
SW7,SW7
SW8,SW8
SW9,SW9
SW95,SW11
SW99,SW9
SY1,SY1
SY10,SY10
SY11,SY11
SY12,SY12
SY13,SY13
SY14,SY14
SY15,SY15
SY16,SY16
SY17,SY17
SY18,SY18
SY19,SY19
SY2,SY2
SY20,SY20
SY21,SY21
SY22,SY22
SY23,SY23
SY24,SY24
SY25,SY25
SY3,SY3
SY4,SY4
SY5,SY5
SY6,SY6
SY7,SY7
SY8,SY8
SY9,SY9
SY99,SY1
TA1,TA1
TA10,TA10
TA11,TA11
TA12,TA12
TA13,TA13
TA14,TA14
TA15,TA15
TA16,TA16
TA17,TA17
TA18,TA18
TA19,TA19
TA2,TA2
TA20,TA20
TA21,TA21
TA22,TA22
TA23,TA23
TA24,TA24
TA3,TA3
TA4,TA4
TA5,TA5
TA6,TA6
TA7,TA7
TA8,TA8
TA9,TA9
TD1,TD1
TD10,TD10
TD11,TD11
TD12,TD12
TD13,TD13
TD14,TD14
TD15,TD15
TD2,TD2
TD3,TD3
TD4,TD4
TD5,TD5
TD6,TD6
TD7,TD7
TD8,TD8
TD9,TD9
TF1,TF1
TF10,TF10
TF11,TF11
TF12,TF12
TF13,TF13
TF2,TF2
TF3,TF3
TF4,TF4
TF5,TF5
TF6,TF6
TF7,TF7
TF8,TF8
TF9,TF9
TN1,TN1
TN10,TN10
TN11,TN11
TN12,TN12
TN13,TN13
TN14,TN14
TN15,TN15
TN16,TN16
TN17,TN17
TN18,TN18
TN19,TN19
TN2,TN2
TN20,TN20
TN21,TN21
TN22,TN22
TN23,TN23
TN24,TN24
TN25,TN25
TN26,TN26
TN27,TN27
TN28,TN28
TN29,TN29
TN3,TN3
TN30,TN30
TN31,TN31
TN32,TN32
TN33,TN33
TN34,TN34
TN35,TN35
TN36,TN36
TN37,TN37
TN38,TN38
TN39,TN39
TN4,TN4
TN40,TN40
TN5,TN5
TN6,TN6
TN7,TN7
TN8,TN8
TN9,TN9
TQ1,TQ1
TQ10,TQ10
TQ11,TQ11
TQ12,TQ12
TQ13,TQ13
TQ14,TQ14
TQ2,TQ2
TQ3,TQ3
TQ4,TQ4
TQ5,TQ5
TQ6,TQ6
TQ7,TQ7
TQ8,TQ8
TQ9,TQ9
TR1,TR1
TR10,TR10
TR11,TR11
TR12,TR12
TR13,TR13
TR14,TR14
TR15,TR15
TR16,TR16
TR17,TR17
TR18,TR18
TR19,TR19
TR2,TR2
TR20,TR20
TR21,TR21
TR22,TR22
TR23,TR22
TR24,TR24
TR25,TR25
TR26,TR26
TR27,TR27
TR3,TR3
TR4,TR4
TR5,TR5
TR6,TR6
TR7,TR7
TR8,TR8
TR9,TR9
TR93,TR20
TS1,TS1
TS10,TS10
TS11,TS11
TS12,TS12
TS13,TS13
TS14,TS14
TS15,TS15
TS16,TS16
TS17,TS17
TS18,TS18
TS19,TS19
TS2,TS2
TS20,TS20
TS21,TS21
TS22,TS22
TS23,TS23
TS24,TS24
TS25,TS25
TS26,TS26
TS27,TS27
TS28,TS28
TS29,TS29
TS3,TS3
TS4,TS4
TS5,TS5
TS6,TS6
TS7,TS7
TS8,TS8
TS9,TS9
TS90,TS1
TW1,TW1
TW10,TW10
TW11,TW11
TW12,TW12
TW13,TW13
TW14,TW14
TW15,TW15
TW16,TW16
TW17,TW17
TW18,TW18
TW19,TW19
TW2,TW2
TW20,TW20
TW3,TW3
TW4,TW4
TW5,TW5
TW6,TW6
TW7,TW7
TW8,TW8
TW9,TW9
UB1,UB1
UB10,UB10
UB11,UB11
UB18,UB2
UB2,UB2
UB3,UB3
UB4,UB4
UB5,UB5
UB6,UB6
UB7,UB7
UB8,UB8
UB9,UB9
W1,W1U
W10,W10
W11,W11
W12,W12
W13,W13
W14,W14
W1A,W1D
W1B,W1B
W1C,W1C
W1D,W1D
W1F,W1F
W1G,W1G
W1H,W1H
W1J,W1J
W1K,W1K
W1M,W1U
W1N,W1W
W1P,W1T
W1R,W1S
W1S,W1S
W1T,W1T
W1U,W1U
W1V,W1D
W1W,W1W
W1X,W1S
W1Y,W1K
W2,W2
W3,W3
W4,W4
W5,W5
W6,W6
W7,W7
W8,W8
W9,W9
WA1,WA1
WA10,WA10
WA11,WA11
WA12,WA12
WA13,WA13
WA14,WA14
WA15,WA15
WA16,WA16
WA2,WA2
WA3,WA3
WA4,WA4
WA5,WA5
WA55,WA5
WA6,WA6
WA7,WA7
WA8,WA8
WA88,WA8
WA9,WA9
WC1A,WC1A
WC1B,WC1B
WC1E,WC1E
WC1H,WC1H
WC1N,WC1N
WC1R,WC1R
WC1V,WC1V
WC1X,WC1X
WC2A,WC2A
WC2B,WC2B
WC2E,WC2E
WC2H,WC2H
WC2N,WC2N
WC2R,EC4A
WC99,WC1V
WD1,WD17
WD17,WD17
WD18,WD18
WD19,WD19
WD2,WD23
WD23,WD23
WD24,WD24
WD25,WD25
WD3,WD3
WD4,WD4
WD5,WD5
WD6,WD6
WD7,WD7
WD99,WD18
WF1,WF1
WF10,WF10
WF11,WF11
WF12,WF12
WF13,WF13
WF14,WF14
WF15,WF15
WF16,WF16
WF17,WF17
WF2,WF2
WF3,WF3
WF4,WF4
WF5,WF5
WF6,WF6
WF7,WF7
WF8,WF8
WF9,WF9
WF90,WF2
WN1,WN1
WN2,WN2
WN3,WN3
WN4,WN4
WN5,WN5
WN6,WN6
WN7,WN7
WN8,WN8
WR1,WR1
WR10,WR10
WR11,WR11
WR12,WR12
WR13,WR13
WR14,WR14
WR15,WR15
WR2,WR2
WR3,WR3
WR4,WR4
WR5,WR5
WR6,WR6
WR7,WR7
WR78,WR1
WR8,WR8
WR9,WR9
WR99,WR1
WS1,WS1
WS10,WS10
WS11,WS11
WS12,WS12
WS13,WS13
WS14,WS14
WS15,WS15
WS2,WS2
WS3,WS3
WS4,WS4
WS5,WS5
WS6,WS6
WS7,WS7
WS8,WS8
WS9,WS9
WV1,WV1
WV10,WV10
WV11,WV11
WV12,WV12
WV13,WV13
WV14,WV14
WV15,WV15
WV16,WV16
WV2,WV2
WV3,WV3
WV4,WV4
WV5,WV5
WV6,WV6
WV7,WV7
WV8,WV8
WV9,WV9
WV98,WV6
WV99,TF3
YO1,YO1
YO10,YO10
YO11,YO11
YO12,YO12
YO13,YO13
YO14,YO14
YO15,YO15
YO16,YO16
YO17,YO17
YO18,YO18
YO19,YO19
YO2,YO24
YO21,YO21
YO22,YO22
YO23,YO23
YO24,YO24
YO25,YO25
YO26,YO26
YO3,YO32
YO30,YO30
YO31,YO31
YO32,YO32
YO4,YO42
YO41,YO41
YO42,YO42
YO43,YO43
YO5,YO26
YO51,YO51
YO6,YO61
YO60,YO60
YO61,YO61
YO62,YO62
YO7,YO7
YO8,YO8
YO90,YO24
YO91,YO31
YO95,YO42
ZE1,ZE1
ZE2,ZE2
ZE3,ZE3
